gs://cloud-ml-data/img/flower_photos/daisy/754296579_30a9ae018c_n.jpg,daisy
gs://cloud-ml-data/img/flower_photos/dandelion/18089878729_907ed2c7cd_m.jpg,dandelion
gs://cloud-ml-data/img/flower_photos/dandelion/284497199_93a01f48f6.jpg,dandelion
gs://cloud-ml-data/img/flower_photos/dandelion/3554992110_81d8c9b0bd_m.jpg,dandelion
gs://cloud-ml-data/img/flower_photos/daisy/4065883015_4bb6010cb7_n.jpg,daisy
gs://cloud-ml-data/img/flower_photos/roses/7420699022_60fa574524_m.jpg,roses
gs://cloud-ml-data/img/flower_photos/dandelion/4558536575_d43a611bd4_n.jpg,dandelion
gs://cloud-ml-data/img/flower_photos/daisy/7568630428_8cf0fc16ff_n.jpg,daisy
gs://cloud-ml-data/img/flower_photos/tulips/7064813645_f7f48fb527.jpg,tulips
gs://cloud-ml-data/img/flower_photos/sunflowers/4933229095_f7e4218b28.jpg,sunflowers
gs://cloud-ml-data/img/flower_photos/daisy/14523675369_97c31d0b5b.jpg,daisy
gs://cloud-ml-data/img/flower_photos/sunflowers/21518663809_3d69f5b995_n.jpg,sunflowers
gs://cloud-ml-data/img/flower_photos/dandelion/15782158700_3b9bf7d33e_m.jpg,dandelion
gs://cloud-ml-data/img/flower_photos/tulips/8713398906_28e59a225a_n.jpg,tulips
gs://cloud-ml-data/img/flower_photos/tulips/6770436217_281da51e49_n.jpg,tulips
gs://cloud-ml-data/img/flower_photos/dandelion/8754822932_948afc7cef.jpg,dandelion
gs://cloud-ml-data/img/flower_photos/daisy/22873310415_3a5674ec10_m.jpg,daisy
gs://cloud-ml-data/img/flower_photos/sunflowers/5967283168_90dd4daf28_n.jpg,sunflowers
gs://cloud-ml-data/img/flower_photos/roses/483444865_65962cea07_m.jpg,roses
gs://cloud-ml-data/img/flower_photos/dandelion/2229906591_e953785d13.jpg,dandelion
gs://cloud-ml-data/img/flower_photos/daisy/2520369272_1dcdb5a892_m.jpg,daisy
gs://cloud-ml-data/img/flower_photos/tulips/6903831250_a2757fff82_m.jpg,tulips
gs://cloud-ml-data/img/flower_photos/roses/22679076_bdb4c24401_m.jpg,roses
gs://cloud-ml-data/img/flower_photos/daisy/7227973870_806d9d3e42_n.jpg,daisy
gs://cloud-ml-data/img/flower_photos/roses/6016195304_75306bb79a.jpg,roses
gs://cloud-ml-data/img/flower_photos/roses/18389368680_91c24a2087_z.jpg,roses
gs://cloud-ml-data/img/flower_photos/dandelion/3991962484_085ba2da94.jpg,dandelion
gs://cloud-ml-data/img/flower_photos/sunflowers/4932736308_827012cff2.jpg,sunflowers
gs://cloud-ml-data/img/flower_photos/sunflowers/4933230247_a0432f01da.jpg,sunflowers
gs://cloud-ml-data/img/flower_photos/roses/8050213579_48e1e7109f.jpg,roses
gs://cloud-ml-data/img/flower_photos/dandelion/4500964841_b1142b50fb_n.jpg,dandelion
gs://cloud-ml-data/img/flower_photos/daisy/2838487505_6c3b48efa5_m.jpg,daisy
gs://cloud-ml-data/img/flower_photos/sunflowers/877083343_e3338c4125.jpg,sunflowers
gs://cloud-ml-data/img/flower_photos/dandelion/7808545612_546cfca610_m.jpg,dandelion
gs://cloud-ml-data/img/flower_photos/dandelion/19440660848_c789227129_m.jpg,dandelion
gs://cloud-ml-data/img/flower_photos/dandelion/2540640433_dedd577263.jpg,dandelion
gs://cloud-ml-data/img/flower_photos/dandelion/129019877_8eea2978ca_m.jpg,dandelion
gs://cloud-ml-data/img/flower_photos/daisy/18203367608_07a04e98a4_n.jpg,daisy
gs://cloud-ml-data/img/flower_photos/dandelion/7132677385_bcbdcc6001.jpg,dandelion
gs://cloud-ml-data/img/flower_photos/roses/15202632426_d88efb321a_n.jpg,roses
gs://cloud-ml-data/img/flower_photos/tulips/13542672763_20c3cb9272.jpg,tulips
gs://cloud-ml-data/img/flower_photos/sunflowers/5020805619_6c710793f7.jpg,sunflowers
gs://cloud-ml-data/img/flower_photos/sunflowers/20704967595_a9c9b8d431.jpg,sunflowers
gs://cloud-ml-data/img/flower_photos/roses/9609569441_eeb8566e94.jpg,roses
gs://cloud-ml-data/img/flower_photos/daisy/10712722853_5632165b04.jpg,daisy
gs://cloud-ml-data/img/flower_photos/dandelion/2479491210_98e41c4e7d_m.jpg,dandelion
gs://cloud-ml-data/img/flower_photos/tulips/2481827798_6087d71134.jpg,tulips
gs://cloud-ml-data/img/flower_photos/daisy/18684594849_7dd3634f5e_n.jpg,daisy
gs://cloud-ml-data/img/flower_photos/daisy/13977181862_f8237b6b52.jpg,daisy
gs://cloud-ml-data/img/flower_photos/sunflowers/22686342422_c0b9e2f38e.jpg,sunflowers
gs://cloud-ml-data/img/flower_photos/roses/5088766459_f81f50e57d_n.jpg,roses
gs://cloud-ml-data/img/flower_photos/sunflowers/4872892690_52dc25b0b4.jpg,sunflowers
gs://cloud-ml-data/img/flower_photos/daisy/2581171297_b0a249b92b_n.jpg,daisy
gs://cloud-ml-data/img/flower_photos/tulips/2489638840_72ff3ee527_n.jpg,tulips
gs://cloud-ml-data/img/flower_photos/dandelion/3483575184_cb8d16a083_n.jpg,dandelion
gs://cloud-ml-data/img/flower_photos/daisy/302782756_d35cb3e468.jpg,daisy
gs://cloud-ml-data/img/flower_photos/tulips/2785458179_9130812eef_m.jpg,tulips
gs://cloud-ml-data/img/flower_photos/tulips/2272006181_785f1be94f_n.jpg,tulips
gs://cloud-ml-data/img/flower_photos/daisy/8759177308_951790e00d_m.jpg,daisy
gs://cloud-ml-data/img/flower_photos/sunflowers/22183529245_ce13557515_m.jpg,sunflowers
gs://cloud-ml-data/img/flower_photos/roses/9406573080_60eab9278e_n.jpg,roses
gs://cloud-ml-data/img/flower_photos/sunflowers/4813483281_f3707a71e7_n.jpg,sunflowers
gs://cloud-ml-data/img/flower_photos/roses/6732261031_861a1026fa_n.jpg,roses
gs://cloud-ml-data/img/flower_photos/sunflowers/3154932290_4bf43bd34f_n.jpg,sunflowers
gs://cloud-ml-data/img/flower_photos/tulips/13953090784_0c7d7a904e.jpg,tulips
gs://cloud-ml-data/img/flower_photos/sunflowers/5020805135_1219d7523d.jpg,sunflowers
gs://cloud-ml-data/img/flower_photos/dandelion/4336536446_e635f48f2e.jpg,dandelion
gs://cloud-ml-data/img/flower_photos/roses/5206847130_ee4bf0e4de_n.jpg,roses
gs://cloud-ml-data/img/flower_photos/roses/17090993740_fcc8b60b81.jpg,roses
gs://cloud-ml-data/img/flower_photos/daisy/5626784099_b36dd3fb11_n.jpg,daisy
gs://cloud-ml-data/img/flower_photos/sunflowers/16656015339_2ccb7cd18d.jpg,sunflowers
gs://cloud-ml-data/img/flower_photos/sunflowers/6606743797_c90c669757.jpg,sunflowers
gs://cloud-ml-data/img/flower_photos/sunflowers/6606817351_10f6e43a09.jpg,sunflowers
gs://cloud-ml-data/img/flower_photos/tulips/7166598930_18d8686ace_n.jpg,tulips
gs://cloud-ml-data/img/flower_photos/roses/15922772266_1167a06620.jpg,roses
gs://cloud-ml-data/img/flower_photos/daisy/15760153042_a2a90e9da5_m.jpg,daisy
gs://cloud-ml-data/img/flower_photos/sunflowers/4868595281_1e58083785.jpg,sunflowers
gs://cloud-ml-data/img/flower_photos/tulips/7166552648_28b6dce578.jpg,tulips
gs://cloud-ml-data/img/flower_photos/roses/9309388105_12c0b8dd54_m.jpg,roses
gs://cloud-ml-data/img/flower_photos/roses/8125886145_ae99f91fd0.jpg,roses
gs://cloud-ml-data/img/flower_photos/daisy/5110105726_53eb7a93be_m.jpg,daisy
gs://cloud-ml-data/img/flower_photos/tulips/17295127995_62eff434fe_n.jpg,tulips
gs://cloud-ml-data/img/flower_photos/daisy/4646886118_b5c5ceaf6d_n.jpg,daisy
gs://cloud-ml-data/img/flower_photos/tulips/924782410_94ed7913ca_m.jpg,tulips
gs://cloud-ml-data/img/flower_photos/dandelion/8915661673_9a1cdc3755_m.jpg,dandelion
gs://cloud-ml-data/img/flower_photos/sunflowers/10386503264_e05387e1f7_m.jpg,sunflowers
gs://cloud-ml-data/img/flower_photos/tulips/3990989735_59e2751151_n.jpg,tulips
gs://cloud-ml-data/img/flower_photos/daisy/8681746439_d6beeefbf9.jpg,daisy
gs://cloud-ml-data/img/flower_photos/tulips/6936380780_19c26c918a.jpg,tulips
gs://cloud-ml-data/img/flower_photos/dandelion/8979087213_28f572174c.jpg,dandelion
gs://cloud-ml-data/img/flower_photos/daisy/6148728633_27afc47b0c_m.jpg,daisy
gs://cloud-ml-data/img/flower_photos/tulips/13514131694_d91da4f4fc.jpg,tulips
gs://cloud-ml-data/img/flower_photos/dandelion/62293290_2c463891ff_m.jpg,dandelion
gs://cloud-ml-data/img/flower_photos/daisy/799952628_bf836677fa_n.jpg,daisy
gs://cloud-ml-data/img/flower_photos/tulips/13529687904_3d60abb479_n.jpg,tulips
gs://cloud-ml-data/img/flower_photos/sunflowers/200288046_0032f322ff_n.jpg,sunflowers
gs://cloud-ml-data/img/flower_photos/daisy/5684911529_88a7ae32ba_n.jpg,daisy
gs://cloud-ml-data/img/flower_photos/tulips/65347450_53658c63bd_n.jpg,tulips
gs://cloud-ml-data/img/flower_photos/sunflowers/274848710_5185cf33b1_n.jpg,sunflowers
gs://cloud-ml-data/img/flower_photos/dandelion/4632235020_d00ce1e497.jpg,dandelion
gs://cloud-ml-data/img/flower_photos/roses/20409866779_ac473f55e0_m.jpg,roses
gs://cloud-ml-data/img/flower_photos/dandelion/15821571649_06c4b9a868_n.jpg,dandelion
gs://cloud-ml-data/img/flower_photos/daisy/174131220_c853df1287.jpg,daisy
gs://cloud-ml-data/img/flower_photos/daisy/5434914569_e9b982fde0_n.jpg,daisy
gs://cloud-ml-data/img/flower_photos/sunflowers/2575272111_f04d79b9af_n.jpg,sunflowers
gs://cloud-ml-data/img/flower_photos/sunflowers/5231868667_f0baa71feb_n.jpg,sunflowers
gs://cloud-ml-data/img/flower_photos/dandelion/8880158802_6e10a452c7_m.jpg,dandelion
gs://cloud-ml-data/img/flower_photos/roses/7865295712_bcc94d120c.jpg,roses
gs://cloud-ml-data/img/flower_photos/tulips/4522153453_06437ca3af_m.jpg,tulips
gs://cloud-ml-data/img/flower_photos/dandelion/17322195031_c2680809dc_m.jpg,dandelion
gs://cloud-ml-data/img/flower_photos/dandelion/8267315764_129f2e1d77_m.jpg,dandelion
gs://cloud-ml-data/img/flower_photos/tulips/13176576813_50e77cc1d9.jpg,tulips
gs://cloud-ml-data/img/flower_photos/dandelion/17080000869_a80e767f4a_m.jpg,dandelion
gs://cloud-ml-data/img/flower_photos/sunflowers/14955545254_324cd4ee75.jpg,sunflowers
gs://cloud-ml-data/img/flower_photos/roses/9355706808_a9a723a8e8_n.jpg,roses
gs://cloud-ml-data/img/flower_photos/dandelion/7368435774_0045b9dc4e.jpg,dandelion
gs://cloud-ml-data/img/flower_photos/daisy/3491933306_43cfe2cfbe.jpg,daisy
gs://cloud-ml-data/img/flower_photos/roses/3074406590_91c697c805_n.jpg,roses
gs://cloud-ml-data/img/flower_photos/tulips/3540595981_73f14d1227_n.jpg,tulips
gs://cloud-ml-data/img/flower_photos/dandelion/8376558865_19c5cd6fd6_n.jpg,dandelion
gs://cloud-ml-data/img/flower_photos/dandelion/158988663_6fe055fcb4.jpg,dandelion
gs://cloud-ml-data/img/flower_photos/sunflowers/7857605684_fc86440c23.jpg,sunflowers
gs://cloud-ml-data/img/flower_photos/daisy/3750771898_cfd50090ba_n.jpg,daisy
gs://cloud-ml-data/img/flower_photos/roses/3624546109_8eb98f0cdb.jpg,roses
gs://cloud-ml-data/img/flower_photos/dandelion/136999986_e410a68efb_n.jpg,dandelion
gs://cloud-ml-data/img/flower_photos/dandelion/3475811950_0fb89845f5_n.jpg,dandelion
gs://cloud-ml-data/img/flower_photos/sunflowers/9216286162_6ceefdd1b4_m.jpg,sunflowers
gs://cloud-ml-data/img/flower_photos/tulips/8628453641_6f87755815_m.jpg,tulips
gs://cloud-ml-data/img/flower_photos/daisy/3356112863_75da8bca2c_m.jpg,daisy
gs://cloud-ml-data/img/flower_photos/tulips/176458518_f81d4bff8e.jpg,tulips
gs://cloud-ml-data/img/flower_photos/sunflowers/6239758929_50e5e5a476_m.jpg,sunflowers
gs://cloud-ml-data/img/flower_photos/tulips/12025038686_7f10811d4b_n.jpg,tulips
gs://cloud-ml-data/img/flower_photos/sunflowers/4755705724_976621a1e7.jpg,sunflowers
gs://cloud-ml-data/img/flower_photos/daisy/4085794721_7cd88e0a6c_m.jpg,daisy
gs://cloud-ml-data/img/flower_photos/roses/15274443248_76b9f3eb24.jpg,roses
gs://cloud-ml-data/img/flower_photos/tulips/3186520634_30e1c67aa5_n.jpg,tulips
gs://cloud-ml-data/img/flower_photos/tulips/4575963749_2418ff8768.jpg,tulips
gs://cloud-ml-data/img/flower_photos/daisy/2476937534_21b285aa46_n.jpg,daisy
gs://cloud-ml-data/img/flower_photos/tulips/14094114202_4c1d7f1116.jpg,tulips
gs://cloud-ml-data/img/flower_photos/dandelion/2039797043_d5b709f275_n.jpg,dandelion
gs://cloud-ml-data/img/flower_photos/roses/2627513944_b1361e60ec_m.jpg,roses
gs://cloud-ml-data/img/flower_photos/daisy/154332674_453cea64f4.jpg,daisy
gs://cloud-ml-data/img/flower_photos/tulips/4590703575_6371c0a186_n.jpg,tulips
gs://cloud-ml-data/img/flower_photos/sunflowers/5994572653_ea98afa3af_n.jpg,sunflowers
gs://cloud-ml-data/img/flower_photos/dandelion/5628296138_9031791fab.jpg,dandelion
gs://cloud-ml-data/img/flower_photos/tulips/4209052442_7e754f617c_n.jpg,tulips
gs://cloud-ml-data/img/flower_photos/roses/9404876600_04f6d37685.jpg,roses
gs://cloud-ml-data/img/flower_photos/daisy/4534460263_8e9611db3c_n.jpg,daisy
gs://cloud-ml-data/img/flower_photos/tulips/467770225_e3b41d4dd3_n.jpg,tulips
gs://cloud-ml-data/img/flower_photos/daisy/422094774_28acc69a8b_n.jpg,daisy
gs://cloud-ml-data/img/flower_photos/sunflowers/4933230395_7930697335_m.jpg,sunflowers
gs://cloud-ml-data/img/flower_photos/daisy/459931395_24bf6531fe_n.jpg,daisy
gs://cloud-ml-data/img/flower_photos/dandelion/8969938579_4c2032dd96_n.jpg,dandelion
gs://cloud-ml-data/img/flower_photos/dandelion/10778387133_9141024b10.jpg,dandelion
gs://cloud-ml-data/img/flower_photos/roses/7187035716_5d0fb95c31_n.jpg,roses
gs://cloud-ml-data/img/flower_photos/tulips/11746080_963537acdc.jpg,tulips
gs://cloud-ml-data/img/flower_photos/tulips/3446285408_4be9c0fded_m.jpg,tulips
gs://cloud-ml-data/img/flower_photos/sunflowers/4746638094_f5336788a0_n.jpg,sunflowers
gs://cloud-ml-data/img/flower_photos/roses/4713533500_fcc295de70_n.jpg,roses
gs://cloud-ml-data/img/flower_photos/sunflowers/6606820461_952c450f90_n.jpg,sunflowers
gs://cloud-ml-data/img/flower_photos/roses/14494590921_3bb1dc7b88_n.jpg,roses
gs://cloud-ml-data/img/flower_photos/dandelion/146023167_f905574d97_m.jpg,dandelion
gs://cloud-ml-data/img/flower_photos/tulips/5661431592_cea1108261_n.jpg,tulips
gs://cloud-ml-data/img/flower_photos/tulips/7342871880_c17fe0eb4f_m.jpg,tulips
gs://cloud-ml-data/img/flower_photos/sunflowers/9484354480_07ff2ef0a6.jpg,sunflowers
gs://cloud-ml-data/img/flower_photos/dandelion/1469549847_eac61a6802.jpg,dandelion
gs://cloud-ml-data/img/flower_photos/dandelion/17649230811_9bdbbacb8c.jpg,dandelion
gs://cloud-ml-data/img/flower_photos/tulips/7082608511_f4cf233f59_n.jpg,tulips
gs://cloud-ml-data/img/flower_photos/roses/8853083579_dd1dfa3188.jpg,roses
gs://cloud-ml-data/img/flower_photos/tulips/8711277462_b43df5454b_m.jpg,tulips
gs://cloud-ml-data/img/flower_photos/sunflowers/4933821940_38064522a8.jpg,sunflowers
gs://cloud-ml-data/img/flower_photos/dandelion/8791577794_7573712cb4_n.jpg,dandelion
gs://cloud-ml-data/img/flower_photos/sunflowers/3950020811_dab89bebc0_n.jpg,sunflowers
gs://cloud-ml-data/img/flower_photos/roses/1788484468_f73afa6c32_n.jpg,roses
gs://cloud-ml-data/img/flower_photos/sunflowers/19710925313_31682fa22b_m.jpg,sunflowers
gs://cloud-ml-data/img/flower_photos/tulips/471298577_cc7558bcf1.jpg,tulips
gs://cloud-ml-data/img/flower_photos/dandelion/7197581386_8a51f1bb12_n.jpg,dandelion
gs://cloud-ml-data/img/flower_photos/tulips/9444202147_405290415b_n.jpg,tulips
gs://cloud-ml-data/img/flower_photos/dandelion/4254850910_0610224342_n.jpg,dandelion
gs://cloud-ml-data/img/flower_photos/roses/18563353954_b761d97155_m.jpg,roses
gs://cloud-ml-data/img/flower_photos/sunflowers/15241052342_466b38b68d.jpg,sunflowers
gs://cloud-ml-data/img/flower_photos/tulips/9019694597_2d3bbedb17.jpg,tulips
gs://cloud-ml-data/img/flower_photos/daisy/525780443_bba812c26a_m.jpg,daisy
gs://cloud-ml-data/img/flower_photos/sunflowers/20905163782_312e2c3bda_n.jpg,sunflowers
gs://cloud-ml-data/img/flower_photos/dandelion/22679060358_561ec823ae_m.jpg,dandelion
gs://cloud-ml-data/img/flower_photos/tulips/440714501_9f8268e1b0.jpg,tulips
gs://cloud-ml-data/img/flower_photos/daisy/9515186037_3be48fe68f.jpg,daisy
gs://cloud-ml-data/img/flower_photos/sunflowers/5139969631_743880e01d_n.jpg,sunflowers
gs://cloud-ml-data/img/flower_photos/dandelion/2622697182_ea4aff29dd_n.jpg,dandelion
gs://cloud-ml-data/img/flower_photos/dandelion/8979062599_86cac547b8.jpg,dandelion
gs://cloud-ml-data/img/flower_photos/tulips/7177682195_c29265748d_n.jpg,tulips
gs://cloud-ml-data/img/flower_photos/daisy/5547758_eea9edfd54_n.jpg,daisy
gs://cloud-ml-data/img/flower_photos/dandelion/14164392167_650946a169_n.jpg,dandelion
gs://cloud-ml-data/img/flower_photos/tulips/16702188449_3dacce90b2_m.jpg,tulips
gs://cloud-ml-data/img/flower_photos/roses/1667199972_7ba7d999c1_m.jpg,roses
gs://cloud-ml-data/img/flower_photos/sunflowers/6061175433_95fdb12f32_n.jpg,sunflowers
gs://cloud-ml-data/img/flower_photos/dandelion/2521827947_9d237779bb_n.jpg,dandelion
gs://cloud-ml-data/img/flower_photos/dandelion/18342918441_b1bb69a2fd_n.jpg,dandelion
gs://cloud-ml-data/img/flower_photos/sunflowers/40411019_526f3fc8d9_m.jpg,sunflowers
gs://cloud-ml-data/img/flower_photos/dandelion/11595255065_d9550012fc.jpg,dandelion
gs://cloud-ml-data/img/flower_photos/tulips/4263272885_1a49ea5209.jpg,tulips
gs://cloud-ml-data/img/flower_photos/tulips/480228053_513791d474.jpg,tulips
gs://cloud-ml-data/img/flower_photos/roses/756943228_e15a7b2318.jpg,roses
gs://cloud-ml-data/img/flower_photos/tulips/2280950463_86510c2789_n.jpg,tulips
gs://cloud-ml-data/img/flower_photos/dandelion/7243174412_d3628e4cc4_m.jpg,dandelion
gs://cloud-ml-data/img/flower_photos/roses/9300754115_dd79670066_n.jpg,roses
gs://cloud-ml-data/img/flower_photos/daisy/534547364_3f6b7279d2_n.jpg,daisy
gs://cloud-ml-data/img/flower_photos/roses/9633056561_6f1b7e8faf_m.jpg,roses
gs://cloud-ml-data/img/flower_photos/dandelion/9293460423_7fbb1e3c32_n.jpg,dandelion
gs://cloud-ml-data/img/flower_photos/sunflowers/5067864967_19928ca94c_m.jpg,sunflowers
gs://cloud-ml-data/img/flower_photos/tulips/14651383746_419dc73634_m.jpg,tulips
gs://cloud-ml-data/img/flower_photos/daisy/4318007511_e9f4311936_n.jpg,daisy
gs://cloud-ml-data/img/flower_photos/dandelion/8681420404_6ae114f036_n.jpg,dandelion
gs://cloud-ml-data/img/flower_photos/tulips/2087981909_fd468de5c4_n.jpg,tulips
gs://cloud-ml-data/img/flower_photos/roses/24781114_bc83aa811e_n.jpg,roses
gs://cloud-ml-data/img/flower_photos/daisy/1879567877_8ed2a5faa7_n.jpg,daisy
gs://cloud-ml-data/img/flower_photos/daisy/9593034725_0062f0d24e_n.jpg,daisy
gs://cloud-ml-data/img/flower_photos/dandelion/141652526_2be95f21c3_n.jpg,dandelion
gs://cloud-ml-data/img/flower_photos/tulips/3990746027_338ee436d2_n.jpg,tulips
gs://cloud-ml-data/img/flower_photos/daisy/8120563761_ed5620664f_m.jpg,daisy
gs://cloud-ml-data/img/flower_photos/daisy/5577555349_2e8490259b.jpg,daisy
gs://cloud-ml-data/img/flower_photos/tulips/6958243974_8851425ddb_n.jpg,tulips
gs://cloud-ml-data/img/flower_photos/roses/21346056089_e6f8074e5f_m.jpg,roses
gs://cloud-ml-data/img/flower_photos/daisy/8616684075_71923bb771_n.jpg,daisy
gs://cloud-ml-data/img/flower_photos/daisy/2511306240_9047015f2d_n.jpg,daisy
gs://cloud-ml-data/img/flower_photos/roses/11694025703_9a906fedc1_n.jpg,roses
gs://cloud-ml-data/img/flower_photos/dandelion/16987075_9a690a2183.jpg,dandelion
gs://cloud-ml-data/img/flower_photos/dandelion/4598938531_9749b3b56a.jpg,dandelion
gs://cloud-ml-data/img/flower_photos/tulips/13471563274_471fc1db33_m.jpg,tulips
gs://cloud-ml-data/img/flower_photos/dandelion/5129135346_3fa8e804d8_n.jpg,dandelion
gs://cloud-ml-data/img/flower_photos/dandelion/14128839257_23def53028.jpg,dandelion
gs://cloud-ml-data/img/flower_photos/roses/99383371_37a5ac12a3_n.jpg,roses
gs://cloud-ml-data/img/flower_photos/tulips/130685347_afbffe3afa_n.jpg,tulips
gs://cloud-ml-data/img/flower_photos/tulips/133858239_3eaa8a91fd_n.jpg,tulips
gs://cloud-ml-data/img/flower_photos/roses/873660804_37f5c6a46e_n.jpg,roses
gs://cloud-ml-data/img/flower_photos/dandelion/5045509402_6e052ce443.jpg,dandelion
gs://cloud-ml-data/img/flower_photos/sunflowers/5979111555_61b400c070_n.jpg,sunflowers
gs://cloud-ml-data/img/flower_photos/dandelion/7099259755_1c66420206_n.jpg,dandelion
gs://cloud-ml-data/img/flower_photos/tulips/8712244311_da8e90bf8e_n.jpg,tulips
gs://cloud-ml-data/img/flower_photos/roses/2225411981_6638c3e988.jpg,roses
gs://cloud-ml-data/img/flower_photos/daisy/3504430338_77d6a7fab4_n.jpg,daisy
gs://cloud-ml-data/img/flower_photos/daisy/367020749_3c9a652d75.jpg,daisy
gs://cloud-ml-data/img/flower_photos/tulips/13911047024_8966d70560_n.jpg,tulips
gs://cloud-ml-data/img/flower_photos/roses/16152175716_55d6968e08_n.jpg,roses
gs://cloud-ml-data/img/flower_photos/daisy/3628485766_4ff937954a_n.jpg,daisy
gs://cloud-ml-data/img/flower_photos/roses/18599603859_f2ec616ddf_n.jpg,roses
gs://cloud-ml-data/img/flower_photos/dandelion/14084345111_8a4cb05a31.jpg,dandelion
gs://cloud-ml-data/img/flower_photos/dandelion/14012247974_69ac128799.jpg,dandelion
gs://cloud-ml-data/img/flower_photos/dandelion/14211880544_5d1f9d5aa8_n.jpg,dandelion
gs://cloud-ml-data/img/flower_photos/roses/3045046293_57f6d52065_m.jpg,roses
gs://cloud-ml-data/img/flower_photos/roses/4495885281_fe2a3b671d.jpg,roses
gs://cloud-ml-data/img/flower_photos/sunflowers/5970868068_fe1c8b282e_n.jpg,sunflowers
gs://cloud-ml-data/img/flower_photos/sunflowers/6104713425_8a3277e34a.jpg,sunflowers
gs://cloud-ml-data/img/flower_photos/tulips/8713397694_bcbcbba2c2_n.jpg,tulips
gs://cloud-ml-data/img/flower_photos/tulips/483880052_19fdb26a9f.jpg,tulips
gs://cloud-ml-data/img/flower_photos/daisy/4544110929_a7de65d65f_n.jpg,daisy
gs://cloud-ml-data/img/flower_photos/roses/7502389724_85b4a6c855_n.jpg,roses
gs://cloud-ml-data/img/flower_photos/roses/8671682526_7058143c99.jpg,roses
gs://cloud-ml-data/img/flower_photos/tulips/8668974855_8389ecbdca_m.jpg,tulips
gs://cloud-ml-data/img/flower_photos/dandelion/8717787983_c83bdf39fe_n.jpg,dandelion
gs://cloud-ml-data/img/flower_photos/daisy/5700781400_65761f3fce.jpg,daisy
gs://cloud-ml-data/img/flower_photos/daisy/3084924076_4d5c5711af_m.jpg,daisy
gs://cloud-ml-data/img/flower_photos/tulips/8712230357_1298b8513b.jpg,tulips
gs://cloud-ml-data/img/flower_photos/dandelion/3589816063_50f8de7b64_m.jpg,dandelion
gs://cloud-ml-data/img/flower_photos/roses/921138131_9e1393eb2b_m.jpg,roses
gs://cloud-ml-data/img/flower_photos/roses/1445228333_59a07e0801.jpg,roses
gs://cloud-ml-data/img/flower_photos/sunflowers/9483429732_5ae73eb672_n.jpg,sunflowers
gs://cloud-ml-data/img/flower_photos/daisy/301964511_fab84ea1c1.jpg,daisy
gs://cloud-ml-data/img/flower_photos/tulips/12024561754_ce9667e4dc_n.jpg,tulips
gs://cloud-ml-data/img/flower_photos/tulips/4565139594_b28d260cb9.jpg,tulips
gs://cloud-ml-data/img/flower_photos/tulips/478765271_6a8ca1cfa1_m.jpg,tulips
gs://cloud-ml-data/img/flower_photos/daisy/7199968650_72afc16d31_m.jpg,daisy
gs://cloud-ml-data/img/flower_photos/tulips/13509967925_eaaeefa396_m.jpg,tulips
gs://cloud-ml-data/img/flower_photos/daisy/2599662355_7782218c83.jpg,daisy
gs://cloud-ml-data/img/flower_photos/roses/3103591125_99107c8bbe_n.jpg,roses
gs://cloud-ml-data/img/flower_photos/daisy/9310226774_d1b8f5d9c9.jpg,daisy
gs://cloud-ml-data/img/flower_photos/roses/172311368_49412f881b.jpg,roses
gs://cloud-ml-data/img/flower_photos/roses/15319767030_e6c5602a77_m.jpg,roses
gs://cloud-ml-data/img/flower_photos/dandelion/7843447416_847e6ba7f4_m.jpg,dandelion
gs://cloud-ml-data/img/flower_photos/daisy/14332947164_9b13513c71_m.jpg,daisy
gs://cloud-ml-data/img/flower_photos/roses/5979193298_639e877248.jpg,roses
gs://cloud-ml-data/img/flower_photos/sunflowers/4927658421_7eed83bc95_m.jpg,sunflowers
gs://cloud-ml-data/img/flower_photos/dandelion/15219268336_f2460fca88_m.jpg,dandelion
gs://cloud-ml-data/img/flower_photos/dandelion/3357432116_b3dce6fed3_n.jpg,dandelion
gs://cloud-ml-data/img/flower_photos/tulips/13888320717_d2919a879b_m.jpg,tulips
gs://cloud-ml-data/img/flower_photos/dandelion/7291185504_b740bbeba4_m.jpg,dandelion
gs://cloud-ml-data/img/flower_photos/tulips/19425920580_cdc8f49aed_n.jpg,tulips
gs://cloud-ml-data/img/flower_photos/dandelion/459633569_5ddf6bc116_m.jpg,dandelion
gs://cloud-ml-data/img/flower_photos/tulips/12163418275_bd6a1edd61.jpg,tulips
gs://cloud-ml-data/img/flower_photos/sunflowers/2067882323_8de6623ffd.jpg,sunflowers
gs://cloud-ml-data/img/flower_photos/roses/8502529435_c6e40d0df4.jpg,roses
gs://cloud-ml-data/img/flower_photos/dandelion/7141013005_d2f168c373.jpg,dandelion
gs://cloud-ml-data/img/flower_photos/daisy/8887005939_b19e8305ee.jpg,daisy
gs://cloud-ml-data/img/flower_photos/dandelion/17388697431_0d84c427d1_n.jpg,dandelion
gs://cloud-ml-data/img/flower_photos/dandelion/17122969189_0ec37cb6c9.jpg,dandelion
gs://cloud-ml-data/img/flower_photos/roses/8032328803_30afac8b07_m.jpg,roses
gs://cloud-ml-data/img/flower_photos/daisy/253426762_9793d43fcd.jpg,daisy
gs://cloud-ml-data/img/flower_photos/daisy/1140299375_3aa7024466.jpg,daisy
gs://cloud-ml-data/img/flower_photos/dandelion/7448453384_fb9caaa9af_n.jpg,dandelion
gs://cloud-ml-data/img/flower_photos/daisy/1265350143_6e2b276ec9.jpg,daisy
gs://cloud-ml-data/img/flower_photos/sunflowers/5015462205_440898fe41_n.jpg,sunflowers
gs://cloud-ml-data/img/flower_photos/sunflowers/16616096711_12375a0260_n.jpg,sunflowers
gs://cloud-ml-data/img/flower_photos/roses/14510185271_b5d75dd98e_n.jpg,roses
gs://cloud-ml-data/img/flower_photos/sunflowers/15122871130_6a7d0b4372_n.jpg,sunflowers
gs://cloud-ml-data/img/flower_photos/tulips/9831362123_5aac525a99_n.jpg,tulips
gs://cloud-ml-data/img/flower_photos/roses/2788276815_8f730bd942.jpg,roses
gs://cloud-ml-data/img/flower_photos/tulips/8748266132_5298a91dcf_n.jpg,tulips
gs://cloud-ml-data/img/flower_photos/daisy/8709110478_60d12efcd4_n.jpg,daisy
gs://cloud-ml-data/img/flower_photos/roses/5073473370_bdbb5a99fc.jpg,roses
gs://cloud-ml-data/img/flower_photos/tulips/15647243236_2778501cf5_n.jpg,tulips
gs://cloud-ml-data/img/flower_photos/daisy/19178753159_a471bf4b6b.jpg,daisy
gs://cloud-ml-data/img/flower_photos/roses/15222804561_0fde5eb4ae_n.jpg,roses
gs://cloud-ml-data/img/flower_photos/tulips/4550278535_dfdf7b74ef.jpg,tulips
gs://cloud-ml-data/img/flower_photos/dandelion/2453532367_fc373df4de.jpg,dandelion
gs://cloud-ml-data/img/flower_photos/daisy/144099102_bf63a41e4f_n.jpg,daisy
gs://cloud-ml-data/img/flower_photos/dandelion/2600382379_5791b0b35a_m.jpg,dandelion
gs://cloud-ml-data/img/flower_photos/dandelion/9301891790_971dcfb35d_m.jpg,dandelion
gs://cloud-ml-data/img/flower_photos/daisy/4117918318_3c8935289b_m.jpg,daisy
gs://cloud-ml-data/img/flower_photos/tulips/7094271655_79a6f972c1_n.jpg,tulips
gs://cloud-ml-data/img/flower_photos/roses/14381787252_e8e12e277a_n.jpg,roses
gs://cloud-ml-data/img/flower_photos/roses/2408236801_f43c6bcff2.jpg,roses
gs://cloud-ml-data/img/flower_photos/dandelion/8632704230_ccafc5f7e2.jpg,dandelion
gs://cloud-ml-data/img/flower_photos/dandelion/16953818045_fea21c8bf8.jpg,dandelion
gs://cloud-ml-data/img/flower_photos/roses/15255964274_cf2ecdf702.jpg,roses
gs://cloud-ml-data/img/flower_photos/tulips/2229804138_db9cba3443_n.jpg,tulips
gs://cloud-ml-data/img/flower_photos/dandelion/19437710780_c5f2156438.jpg,dandelion
gs://cloud-ml-data/img/flower_photos/dandelion/6495802659_98b57e0cca_m.jpg,dandelion
gs://cloud-ml-data/img/flower_photos/sunflowers/4933230991_d50c0f7c66.jpg,sunflowers
gs://cloud-ml-data/img/flower_photos/dandelion/8963359346_65ca69c59d_n.jpg,dandelion
gs://cloud-ml-data/img/flower_photos/dandelion/13897156242_dca5d93075_m.jpg,dandelion
gs://cloud-ml-data/img/flower_photos/tulips/112334842_3ecf7585dd.jpg,tulips
gs://cloud-ml-data/img/flower_photos/sunflowers/22755811033_cd17b109e0.jpg,sunflowers
gs://cloud-ml-data/img/flower_photos/sunflowers/4806174512_e04475b766_n.jpg,sunflowers
gs://cloud-ml-data/img/flower_photos/dandelion/4632761610_768360d425.jpg,dandelion
gs://cloud-ml-data/img/flower_photos/dandelion/501987276_744448580c_m.jpg,dandelion
gs://cloud-ml-data/img/flower_photos/tulips/7003964080_4566470798_n.jpg,tulips
gs://cloud-ml-data/img/flower_photos/daisy/512177035_70afc925c8.jpg,daisy
gs://cloud-ml-data/img/flower_photos/tulips/8614237582_74417799f4_m.jpg,tulips
gs://cloud-ml-data/img/flower_photos/tulips/14074147406_7ab87aec79_n.jpg,tulips
gs://cloud-ml-data/img/flower_photos/roses/11233672494_d8bf0a3dbf_n.jpg,roses
gs://cloud-ml-data/img/flower_photos/dandelion/5862288632_1df5eb6dd0.jpg,dandelion
gs://cloud-ml-data/img/flower_photos/daisy/11891885265_ccefec7284_n.jpg,daisy
gs://cloud-ml-data/img/flower_photos/roses/13979889721_42a59ca9fa_m.jpg,roses
gs://cloud-ml-data/img/flower_photos/tulips/8708209606_d3aede4801.jpg,tulips
gs://cloud-ml-data/img/flower_photos/tulips/16677542612_a78a8ca8b3_m.jpg,tulips
gs://cloud-ml-data/img/flower_photos/tulips/122450705_9885fff3c4_n.jpg,tulips
gs://cloud-ml-data/img/flower_photos/sunflowers/14969295739_c132a08663_n.jpg,sunflowers
gs://cloud-ml-data/img/flower_photos/daisy/5973491805_556bba93cc.jpg,daisy
gs://cloud-ml-data/img/flower_photos/dandelion/17020815734_81e8db8008_m.jpg,dandelion
gs://cloud-ml-data/img/flower_photos/sunflowers/7603036176_9e8967cd21.jpg,sunflowers
gs://cloud-ml-data/img/flower_photos/daisy/5869147563_66fb88119d.jpg,daisy
gs://cloud-ml-data/img/flower_photos/daisy/13583238844_573df2de8e_m.jpg,daisy
gs://cloud-ml-data/img/flower_photos/dandelion/3533075436_0954145b9f_m.jpg,dandelion
gs://cloud-ml-data/img/flower_photos/dandelion/15547944931_c1e095b185.jpg,dandelion
gs://cloud-ml-data/img/flower_photos/roses/3871586333_5a708d5cf4_n.jpg,roses
gs://cloud-ml-data/img/flower_photos/dandelion/4278757393_bca8415ed4_n.jpg,dandelion
gs://cloud-ml-data/img/flower_photos/roses/8723767157_c45bfd3ab6.jpg,roses
gs://cloud-ml-data/img/flower_photos/sunflowers/13354458753_7b586f7c95_n.jpg,sunflowers
gs://cloud-ml-data/img/flower_photos/daisy/9146733107_98b15d3892_m.jpg,daisy
gs://cloud-ml-data/img/flower_photos/sunflowers/20078409301_aa8061bd0b_n.jpg,sunflowers
gs://cloud-ml-data/img/flower_photos/daisy/10172567486_2748826a8b.jpg,daisy
gs://cloud-ml-data/img/flower_photos/sunflowers/22429946721_e17a12cb39_n.jpg,sunflowers
gs://cloud-ml-data/img/flower_photos/sunflowers/5951665793_8ae4807cbd_n.jpg,sunflowers
gs://cloud-ml-data/img/flower_photos/tulips/5700394524_dc6f8fa9cd_n.jpg,tulips
gs://cloud-ml-data/img/flower_photos/sunflowers/17433282043_441b0a07f4_n.jpg,sunflowers
gs://cloud-ml-data/img/flower_photos/tulips/14054827391_139fb54432.jpg,tulips
gs://cloud-ml-data/img/flower_photos/dandelion/16510864164_3afa8ac37f.jpg,dandelion
gs://cloud-ml-data/img/flower_photos/sunflowers/14698136411_23bdcff7bf_n.jpg,sunflowers
gs://cloud-ml-data/img/flower_photos/roses/1392579828_ab5a139052.jpg,roses
gs://cloud-ml-data/img/flower_photos/sunflowers/215798352_184d8040d1.jpg,sunflowers
gs://cloud-ml-data/img/flower_photos/sunflowers/20481273479_d459834a3e_n.jpg,sunflowers
gs://cloud-ml-data/img/flower_photos/roses/8642943283_47e44d049d_m.jpg,roses
gs://cloud-ml-data/img/flower_photos/roses/17158274118_00ec99a23c.jpg,roses
gs://cloud-ml-data/img/flower_photos/sunflowers/15054753070_4f6ae0e763_m.jpg,sunflowers
gs://cloud-ml-data/img/flower_photos/roses/15681454551_b6f73ce443_n.jpg,roses
gs://cloud-ml-data/img/flower_photos/daisy/8719756744_34a5a83976_n.jpg,daisy
gs://cloud-ml-data/img/flower_photos/tulips/8554190977_37ac747799_m.jpg,tulips
gs://cloud-ml-data/img/flower_photos/dandelion/570127230_ce409f90f8_n.jpg,dandelion
gs://cloud-ml-data/img/flower_photos/tulips/12517756805_56b74be742.jpg,tulips
gs://cloud-ml-data/img/flower_photos/roses/5249566718_6109630c83_m.jpg,roses
gs://cloud-ml-data/img/flower_photos/dandelion/2670304799_a3f2eef516_m.jpg,dandelion
gs://cloud-ml-data/img/flower_photos/dandelion/136011860_44ca0b2835_n.jpg,dandelion
gs://cloud-ml-data/img/flower_photos/tulips/6934951920_d43ff8b78d.jpg,tulips
gs://cloud-ml-data/img/flower_photos/tulips/8713390684_041148dd3e_n.jpg,tulips
gs://cloud-ml-data/img/flower_photos/daisy/5739768868_9f982684f9_n.jpg,daisy
gs://cloud-ml-data/img/flower_photos/dandelion/8681388520_c697dee897_n.jpg,dandelion
gs://cloud-ml-data/img/flower_photos/tulips/8673416556_639f5c88f1_n.jpg,tulips
gs://cloud-ml-data/img/flower_photos/daisy/1374193928_a52320eafa.jpg,daisy
gs://cloud-ml-data/img/flower_photos/roses/12407768513_3440238148_n.jpg,roses
gs://cloud-ml-data/img/flower_photos/roses/353897245_5453f35a8e.jpg,roses
gs://cloud-ml-data/img/flower_photos/roses/2331651885_619653a5d3.jpg,roses
gs://cloud-ml-data/img/flower_photos/dandelion/2597655841_07fb2955a4.jpg,dandelion
gs://cloud-ml-data/img/flower_photos/tulips/2344751399_71620039f2_n.jpg,tulips
gs://cloud-ml-data/img/flower_photos/sunflowers/29972905_4cc537ff4b_n.jpg,sunflowers
gs://cloud-ml-data/img/flower_photos/roses/3997609936_8db20b7141_n.jpg,roses
gs://cloud-ml-data/img/flower_photos/roses/4797595918_79887b1229_n.jpg,roses
gs://cloud-ml-data/img/flower_photos/dandelion/4691257171_23a29aaa33_n.jpg,dandelion
gs://cloud-ml-data/img/flower_photos/roses/20596941736_f2c5f496cf.jpg,roses
gs://cloud-ml-data/img/flower_photos/roses/4979895172_ca06eba616.jpg,roses
gs://cloud-ml-data/img/flower_photos/dandelion/6104442744_ee2bcd32e7_n.jpg,dandelion
gs://cloud-ml-data/img/flower_photos/tulips/3501996215_1c6d1a3386_n.jpg,tulips
gs://cloud-ml-data/img/flower_photos/dandelion/14021281124_89cc388eac_n.jpg,dandelion
gs://cloud-ml-data/img/flower_photos/tulips/5674170543_73e3f403fb.jpg,tulips
gs://cloud-ml-data/img/flower_photos/roses/5835539224_75967fc400_m.jpg,roses
gs://cloud-ml-data/img/flower_photos/dandelion/16713229021_bea2533981_n.jpg,dandelion
gs://cloud-ml-data/img/flower_photos/dandelion/16650892835_9228a3ef67_m.jpg,dandelion
gs://cloud-ml-data/img/flower_photos/tulips/54895006_55b49052dc.jpg,tulips
gs://cloud-ml-data/img/flower_photos/tulips/4555842486_dd214a84d7_n.jpg,tulips
gs://cloud-ml-data/img/flower_photos/daisy/7454630692_ab2d67dd18_m.jpg,daisy
gs://cloud-ml-data/img/flower_photos/tulips/12949131454_4d3392f4dd_n.jpg,tulips
gs://cloud-ml-data/img/flower_photos/sunflowers/3514340206_efb8198a80_n.jpg,sunflowers
gs://cloud-ml-data/img/flower_photos/dandelion/8740218495_23858355d8_n.jpg,dandelion
gs://cloud-ml-data/img/flower_photos/daisy/10391248763_1d16681106_n.jpg,daisy
gs://cloud-ml-data/img/flower_photos/daisy/7702332000_3f21ef4571_n.jpg,daisy
gs://cloud-ml-data/img/flower_photos/daisy/5795159787_ebb51a5e75.jpg,daisy
gs://cloud-ml-data/img/flower_photos/sunflowers/9555824387_32b151e9b0_m.jpg,sunflowers
gs://cloud-ml-data/img/flower_photos/sunflowers/20410533613_56da1cce7c.jpg,sunflowers
gs://cloud-ml-data/img/flower_photos/daisy/8740807508_0587f5b7b7.jpg,daisy
gs://cloud-ml-data/img/flower_photos/sunflowers/4745991955_6804568ae0_n.jpg,sunflowers
gs://cloud-ml-data/img/flower_photos/daisy/6210664514_f1d211217a.jpg,daisy
gs://cloud-ml-data/img/flower_photos/sunflowers/7176729016_d73ff2211e.jpg,sunflowers
gs://cloud-ml-data/img/flower_photos/tulips/17198868382_697b23c715_n.jpg,tulips
gs://cloud-ml-data/img/flower_photos/tulips/4624404489_11e10fcd33_n.jpg,tulips
gs://cloud-ml-data/img/flower_photos/tulips/5810456385_b44358a0ae.jpg,tulips
gs://cloud-ml-data/img/flower_photos/dandelion/3458770076_17ed3a1225.jpg,dandelion
gs://cloud-ml-data/img/flower_photos/sunflowers/5927432662_3ffd2461c2_n.jpg,sunflowers
gs://cloud-ml-data/img/flower_photos/sunflowers/8014734302_65c6e83bb4_m.jpg,sunflowers
gs://cloud-ml-data/img/flower_photos/daisy/5811226952_4650ed70ae_n.jpg,daisy
gs://cloud-ml-data/img/flower_photos/sunflowers/4746648726_e37a2de16d_n.jpg,sunflowers
gs://cloud-ml-data/img/flower_photos/roses/14943194730_f48b4d4547_n.jpg,roses
gs://cloud-ml-data/img/flower_photos/tulips/8677713853_1312f65e71.jpg,tulips
gs://cloud-ml-data/img/flower_photos/sunflowers/2895404754_6d9f9416d7_n.jpg,sunflowers
gs://cloud-ml-data/img/flower_photos/roses/6803363808_9f9ce98186_m.jpg,roses
gs://cloud-ml-data/img/flower_photos/dandelion/6954604340_d3223ed296_m.jpg,dandelion
gs://cloud-ml-data/img/flower_photos/tulips/7447655334_e8f805ab95_m.jpg,tulips
gs://cloud-ml-data/img/flower_photos/dandelion/2490828907_5094017933_m.jpg,dandelion
gs://cloud-ml-data/img/flower_photos/sunflowers/16832961488_5f7e70eb5e_n.jpg,sunflowers
gs://cloud-ml-data/img/flower_photos/tulips/13910126337_53faf1d214_n.jpg,tulips
gs://cloud-ml-data/img/flower_photos/daisy/1392131677_116ec04751.jpg,daisy
gs://cloud-ml-data/img/flower_photos/tulips/13923036338_1ce32c6d4f.jpg,tulips
gs://cloud-ml-data/img/flower_photos/tulips/14110615113_bd7b3fcb84.jpg,tulips
gs://cloud-ml-data/img/flower_photos/daisy/5679288570_b4c52e76d5.jpg,daisy
gs://cloud-ml-data/img/flower_photos/dandelion/2449852402_45d12b9875_n.jpg,dandelion
gs://cloud-ml-data/img/flower_photos/dandelion/2467980325_237b14c737_m.jpg,dandelion
gs://cloud-ml-data/img/flower_photos/sunflowers/7581713708_8eae6794f2.jpg,sunflowers
gs://cloud-ml-data/img/flower_photos/tulips/17189526216_fa24dd541a_n.jpg,tulips
gs://cloud-ml-data/img/flower_photos/roses/2448812029_047d981092_m.jpg,roses
gs://cloud-ml-data/img/flower_photos/daisy/6089825811_80f253fbe1.jpg,daisy
gs://cloud-ml-data/img/flower_photos/dandelion/8935456132_8dc4d3b679_n.jpg,dandelion
gs://cloud-ml-data/img/flower_photos/dandelion/7164500544_332b75aa3b.jpg,dandelion
gs://cloud-ml-data/img/flower_photos/daisy/14507818175_05219b051c_m.jpg,daisy
gs://cloud-ml-data/img/flower_photos/sunflowers/24459548_27a783feda.jpg,sunflowers
gs://cloud-ml-data/img/flower_photos/roses/6163179241_f093f45d95_n.jpg,roses
gs://cloud-ml-data/img/flower_photos/sunflowers/4186808407_06688641e2_n.jpg,sunflowers
gs://cloud-ml-data/img/flower_photos/tulips/6905876618_12732b74de_b.jpg,tulips
gs://cloud-ml-data/img/flower_photos/dandelion/8842317179_d59cf218cb_n.jpg,dandelion
gs://cloud-ml-data/img/flower_photos/daisy/16161045294_70c76ce846_n.jpg,daisy
gs://cloud-ml-data/img/flower_photos/daisy/2908212142_5437fa67ff_n.jpg,daisy
gs://cloud-ml-data/img/flower_photos/tulips/3254533919_cb0b8af26c.jpg,tulips
gs://cloud-ml-data/img/flower_photos/daisy/5110107234_12ddc0206b_m.jpg,daisy
gs://cloud-ml-data/img/flower_photos/tulips/14087361621_9fefb8dbef.jpg,tulips
gs://cloud-ml-data/img/flower_photos/daisy/5794839_200acd910c_n.jpg,daisy
gs://cloud-ml-data/img/flower_photos/roses/15750320284_22ef21c682.jpg,roses
gs://cloud-ml-data/img/flower_photos/daisy/158869618_f1a6704236_n.jpg,daisy
gs://cloud-ml-data/img/flower_photos/roses/9160289562_ab2718d19b.jpg,roses
gs://cloud-ml-data/img/flower_photos/roses/4414135084_1ac7e6cd54.jpg,roses
gs://cloud-ml-data/img/flower_photos/daisy/3900172983_9312fdf39c_n.jpg,daisy
gs://cloud-ml-data/img/flower_photos/dandelion/751941983_58e1ae3957_m.jpg,dandelion
gs://cloud-ml-data/img/flower_photos/daisy/176375506_201859bb92_m.jpg,daisy
gs://cloud-ml-data/img/flower_photos/sunflowers/9538283930_0faea083bb_n.jpg,sunflowers
gs://cloud-ml-data/img/flower_photos/roses/16903172207_2cd7aca66a.jpg,roses
gs://cloud-ml-data/img/flower_photos/daisy/2019064575_7656b9340f_m.jpg,daisy
gs://cloud-ml-data/img/flower_photos/dandelion/4552591312_02fe1dcc04_n.jpg,dandelion
gs://cloud-ml-data/img/flower_photos/sunflowers/3846717708_ea11383ed8.jpg,sunflowers
gs://cloud-ml-data/img/flower_photos/dandelion/4573204407_babff0dce4_n.jpg,dandelion
gs://cloud-ml-data/img/flower_photos/dandelion/506659320_6fac46551e.jpg,dandelion
gs://cloud-ml-data/img/flower_photos/daisy/14591326135_930703dbed_m.jpg,daisy
gs://cloud-ml-data/img/flower_photos/daisy/510844526_858b8fe4db.jpg,daisy
gs://cloud-ml-data/img/flower_photos/roses/3948347096_42261f047a_m.jpg,roses
gs://cloud-ml-data/img/flower_photos/daisy/10555826524_423eb8bf71_n.jpg,daisy
gs://cloud-ml-data/img/flower_photos/daisy/3717746329_53f515c6a6_m.jpg,daisy
gs://cloud-ml-data/img/flower_photos/dandelion/468749497_951c571eff_n.jpg,dandelion
gs://cloud-ml-data/img/flower_photos/roses/3052753519_d087aaeacb_n.jpg,roses
gs://cloud-ml-data/img/flower_photos/tulips/4572955407_87f4805c7b.jpg,tulips
gs://cloud-ml-data/img/flower_photos/tulips/13926327692_a07357ff0d.jpg,tulips
gs://cloud-ml-data/img/flower_photos/roses/2973256732_1926295f35.jpg,roses
gs://cloud-ml-data/img/flower_photos/roses/4918137796_21f0922b0c_n.jpg,roses
gs://cloud-ml-data/img/flower_photos/sunflowers/4689061249_6498da5013.jpg,sunflowers
gs://cloud-ml-data/img/flower_photos/dandelion/4574447682_40dce530f1.jpg,dandelion
gs://cloud-ml-data/img/flower_photos/tulips/13531001134_72052100e1_m.jpg,tulips
gs://cloud-ml-data/img/flower_photos/tulips/6227136437_6117068599_m.jpg,tulips
gs://cloud-ml-data/img/flower_photos/tulips/8817622133_a42bb90e38_n.jpg,tulips
gs://cloud-ml-data/img/flower_photos/tulips/14674071872_2df55466d5_m.jpg,tulips
gs://cloud-ml-data/img/flower_photos/tulips/444963906_e41492b692.jpg,tulips
gs://cloud-ml-data/img/flower_photos/tulips/4550805310_5f81c9ba08_n.jpg,tulips
gs://cloud-ml-data/img/flower_photos/tulips/2503489175_f0848d3e8e.jpg,tulips
gs://cloud-ml-data/img/flower_photos/roses/6864417932_36fa4ceecf_n.jpg,roses
gs://cloud-ml-data/img/flower_photos/tulips/15275190769_0ed7bbf490.jpg,tulips
gs://cloud-ml-data/img/flower_photos/daisy/7790614422_4557928ab9_n.jpg,daisy
gs://cloud-ml-data/img/flower_photos/roses/16078501836_3ac067e18a.jpg,roses
gs://cloud-ml-data/img/flower_photos/tulips/16680930777_7e7f292fc5_n.jpg,tulips
gs://cloud-ml-data/img/flower_photos/tulips/4558912791_084e440365_m.jpg,tulips
gs://cloud-ml-data/img/flower_photos/sunflowers/200011914_93f57ed68b.jpg,sunflowers
gs://cloud-ml-data/img/flower_photos/sunflowers/3815322974_52c12dbde3.jpg,sunflowers
gs://cloud-ml-data/img/flower_photos/sunflowers/14646279002_9cdf97be97_n.jpg,sunflowers
gs://cloud-ml-data/img/flower_photos/tulips/16765283686_0315ae00a8.jpg,tulips
gs://cloud-ml-data/img/flower_photos/sunflowers/8174935717_d19367d502.jpg,sunflowers
gs://cloud-ml-data/img/flower_photos/roses/15061894841_e5aca59ecd_n.jpg,roses
gs://cloud-ml-data/img/flower_photos/roses/3556123230_936bf084a5_n.jpg,roses
gs://cloud-ml-data/img/flower_photos/roses/2550860627_998a4fc4c1.jpg,roses
gs://cloud-ml-data/img/flower_photos/roses/6036837996_7fbdcdb3c5_n.jpg,roses
gs://cloud-ml-data/img/flower_photos/sunflowers/8929213942_5544191250_n.jpg,sunflowers
gs://cloud-ml-data/img/flower_photos/tulips/164578909_51f245d3fa_n.jpg,tulips
gs://cloud-ml-data/img/flower_photos/daisy/19280272025_57de24e940_m.jpg,daisy
gs://cloud-ml-data/img/flower_photos/sunflowers/15493195788_60530f2398_m.jpg,sunflowers
gs://cloud-ml-data/img/flower_photos/tulips/7069622551_348d41c327_n.jpg,tulips
gs://cloud-ml-data/img/flower_photos/sunflowers/4160805260_cf758daeae_n.jpg,sunflowers
gs://cloud-ml-data/img/flower_photos/dandelion/5776879272_95008399c3.jpg,dandelion
gs://cloud-ml-data/img/flower_photos/daisy/4865691548_00319261b8.jpg,daisy
gs://cloud-ml-data/img/flower_photos/dandelion/8780964418_7a01a7f48a_n.jpg,dandelion
gs://cloud-ml-data/img/flower_photos/dandelion/14085038920_2ee4ce8a8d.jpg,dandelion
gs://cloud-ml-data/img/flower_photos/tulips/13903946578_187f904c9a_n.jpg,tulips
gs://cloud-ml-data/img/flower_photos/daisy/7630517248_98fb8bee1f_n.jpg,daisy
gs://cloud-ml-data/img/flower_photos/dandelion/19617501581_606be5f716_n.jpg,dandelion
gs://cloud-ml-data/img/flower_photos/roses/2265390547_2409007cef_n.jpg,roses
gs://cloud-ml-data/img/flower_photos/sunflowers/5955475577_3d923874d9_n.jpg,sunflowers
gs://cloud-ml-data/img/flower_photos/roses/4243078361_7b92a932cd_n.jpg,roses
gs://cloud-ml-data/img/flower_photos/dandelion/2553703483_558d12668c_n.jpg,dandelion
gs://cloud-ml-data/img/flower_photos/roses/19988406792_68201f76e3_n.jpg,roses
gs://cloud-ml-data/img/flower_photos/sunflowers/14741907467_fab96f3b2b_n.jpg,sunflowers
gs://cloud-ml-data/img/flower_photos/sunflowers/4933229479_c1708bd503.jpg,sunflowers
gs://cloud-ml-data/img/flower_photos/tulips/4117620896_070e5887ae_m.jpg,tulips
gs://cloud-ml-data/img/flower_photos/roses/6105809987_8f3d7a8d67_n.jpg,roses
gs://cloud-ml-data/img/flower_photos/dandelion/9719816995_8f211abf02_n.jpg,dandelion
gs://cloud-ml-data/img/flower_photos/dandelion/4496277750_8c34256e28.jpg,dandelion
gs://cloud-ml-data/img/flower_photos/roses/15761264350_4caaf080f6_m.jpg,roses
gs://cloud-ml-data/img/flower_photos/tulips/3430229687_32645b5738.jpg,tulips
gs://cloud-ml-data/img/flower_photos/dandelion/2637883118_cf6ce37be4_n.jpg,dandelion
gs://cloud-ml-data/img/flower_photos/daisy/3720632920_93cf1cc7f3_m.jpg,daisy
gs://cloud-ml-data/img/flower_photos/sunflowers/4664737020_b4c61aacd3_n.jpg,sunflowers
gs://cloud-ml-data/img/flower_photos/roses/2423565102_2f1a00bb1b_n.jpg,roses
gs://cloud-ml-data/img/flower_photos/roses/1402130395_0b89d76029.jpg,roses
gs://cloud-ml-data/img/flower_photos/sunflowers/6198569587_23c3693328_m.jpg,sunflowers
gs://cloud-ml-data/img/flower_photos/roses/14414117598_cf70df30de.jpg,roses
gs://cloud-ml-data/img/flower_photos/dandelion/5726984343_ae124aed97.jpg,dandelion
gs://cloud-ml-data/img/flower_photos/tulips/14057246122_8598b665bd.jpg,tulips
gs://cloud-ml-data/img/flower_photos/dandelion/6994938270_bf51d0fe63.jpg,dandelion
gs://cloud-ml-data/img/flower_photos/daisy/4993492878_11fd4f5d12.jpg,daisy
gs://cloud-ml-data/img/flower_photos/dandelion/14070457521_8eb41f65fa.jpg,dandelion
gs://cloud-ml-data/img/flower_photos/dandelion/2326334426_2dc74fceb1.jpg,dandelion
gs://cloud-ml-data/img/flower_photos/dandelion/3451079245_2139200d66_n.jpg,dandelion
gs://cloud-ml-data/img/flower_photos/daisy/10555749515_13a12a026e.jpg,daisy
gs://cloud-ml-data/img/flower_photos/roses/2677417735_a697052d2d_n.jpg,roses
gs://cloud-ml-data/img/flower_photos/roses/2607130050_9c34310004.jpg,roses
gs://cloud-ml-data/img/flower_photos/roses/15174615529_144ae28bdb_n.jpg,roses
gs://cloud-ml-data/img/flower_photos/dandelion/3297108443_0393d04dfc_m.jpg,dandelion
gs://cloud-ml-data/img/flower_photos/tulips/8892851067_79242a7362_n.jpg,tulips
gs://cloud-ml-data/img/flower_photos/daisy/3625257860_33efeef614_m.jpg,daisy
gs://cloud-ml-data/img/flower_photos/daisy/705422469_ffa28c566d.jpg,daisy
gs://cloud-ml-data/img/flower_photos/roses/4575042086_7674b76297_n.jpg,roses
gs://cloud-ml-data/img/flower_photos/dandelion/130733200_fbe28eea19.jpg,dandelion
gs://cloud-ml-data/img/flower_photos/tulips/135994133_4f306fe4bf_n.jpg,tulips
gs://cloud-ml-data/img/flower_photos/dandelion/15297244181_011883a631_m.jpg,dandelion
gs://cloud-ml-data/img/flower_photos/roses/295257304_de893fc94d.jpg,roses
gs://cloud-ml-data/img/flower_photos/sunflowers/9588522189_db6166f67f.jpg,sunflowers
gs://cloud-ml-data/img/flower_photos/daisy/3285641623_da0e47f49a.jpg,daisy
gs://cloud-ml-data/img/flower_photos/tulips/130685040_3c2fcec63e_n.jpg,tulips
gs://cloud-ml-data/img/flower_photos/dandelion/14614655810_9910e6dbd6_n.jpg,dandelion
gs://cloud-ml-data/img/flower_photos/daisy/10437754174_22ec990b77_m.jpg,daisy
gs://cloud-ml-data/img/flower_photos/tulips/16862374316_4135908d4c_m.jpg,tulips
gs://cloud-ml-data/img/flower_photos/dandelion/5767676943_4f9c7323f3_n.jpg,dandelion
gs://cloud-ml-data/img/flower_photos/daisy/2590291468_2635d3e4e0_n.jpg,daisy
gs://cloud-ml-data/img/flower_photos/sunflowers/15054865768_2cc87ac9d4_m.jpg,sunflowers
gs://cloud-ml-data/img/flower_photos/roses/7455236056_b6d71a8dab.jpg,roses
gs://cloud-ml-data/img/flower_photos/dandelion/4528742654_99d233223b_m.jpg,dandelion
gs://cloud-ml-data/img/flower_photos/dandelion/2512977446_ac498955ee.jpg,dandelion
gs://cloud-ml-data/img/flower_photos/sunflowers/8543642705_b841b0e5f6.jpg,sunflowers
gs://cloud-ml-data/img/flower_photos/sunflowers/13095941995_9a66faa713_n.jpg,sunflowers
gs://cloud-ml-data/img/flower_photos/dandelion/5613466853_e476bb080e.jpg,dandelion
gs://cloud-ml-data/img/flower_photos/tulips/2220085701_896054d263_n.jpg,tulips
gs://cloud-ml-data/img/flower_photos/sunflowers/4933229889_c5d9e36392.jpg,sunflowers
gs://cloud-ml-data/img/flower_photos/sunflowers/5004121118_e9393e60d0_n.jpg,sunflowers
gs://cloud-ml-data/img/flower_photos/roses/3654988152_b11178bbcb.jpg,roses
gs://cloud-ml-data/img/flower_photos/roses/5333437251_ce0aa6925d_n.jpg,roses
gs://cloud-ml-data/img/flower_photos/dandelion/16096748028_7876887ab2.jpg,dandelion
gs://cloud-ml-data/img/flower_photos/tulips/6038098425_b3b4fb62cc_m.jpg,tulips
gs://cloud-ml-data/img/flower_photos/tulips/14149603605_eedfe9678c_n.jpg,tulips
gs://cloud-ml-data/img/flower_photos/daisy/7335886184_d06a83f640.jpg,daisy
gs://cloud-ml-data/img/flower_photos/dandelion/3393564906_f2df184b76_n.jpg,dandelion
gs://cloud-ml-data/img/flower_photos/dandelion/17619402434_15b2ec2d79.jpg,dandelion
gs://cloud-ml-data/img/flower_photos/dandelion/16949657389_ac0ee80fd1_m.jpg,dandelion
gs://cloud-ml-data/img/flower_photos/daisy/3463313493_9497aa47e5_n.jpg,daisy
gs://cloud-ml-data/img/flower_photos/tulips/8757486380_90952c5377.jpg,tulips
gs://cloud-ml-data/img/flower_photos/sunflowers/3683873444_be4a609c46.jpg,sunflowers
gs://cloud-ml-data/img/flower_photos/roses/2053476785_c162a3e358.jpg,roses
gs://cloud-ml-data/img/flower_photos/roses/15712574834_2f121c7cf9_m.jpg,roses
gs://cloud-ml-data/img/flower_photos/daisy/14333681205_a07c9f1752_m.jpg,daisy
gs://cloud-ml-data/img/flower_photos/tulips/14746916178_40403cc57e.jpg,tulips
gs://cloud-ml-data/img/flower_photos/tulips/8710148289_6fc196a0f8_n.jpg,tulips
gs://cloud-ml-data/img/flower_photos/sunflowers/6145005439_ef6e07f9c6_n.jpg,sunflowers